Workbook

Sheet 요약
B2: 재연마수주 납기 현황 보고
B4: 기준일 | C4: 46219 | D4: (ERP 09:00 자동 갱신 파일 기준, 입력값)
B6: 구분 | C6: 값 | D6: 단위
B7: 총 수주 건수 | C7: =COUNTA(원본데이터!A3:A200) -> 102 | D7: 건
B8: 총 수주수량 | C8: =SUM(원본데이터!G3:G200) -> 3429 | D8: 개
B9: 총 출고수량 | C9: =SUM(원본데이터!H3:H200) -> 2112 | D9: 개
B10: 총 미출고 잔량 | C10: =SUM(원본데이터!I3:I200) -> 1317 | D10: 개
B11: 연체 건수 (기준일 이전 납기·미출고) | C11: =COUNTIF(원본데이터!L3:L200,"연체") -> 13 | D11: 건
B12: 연체 잔량 | C12: =SUMIF(원본데이터!L3:L200,"연체",원본데이터!I3:I200) -> 412 | D12: 개
B15: 상태코드별 요약
B16: 상태코드 | C16: 상태명 | D16: 건수 | E16: 수주수량 | F16: 출고수량 | G16: 잔량
B17: SD200000 | C17: 미착수(신규접수) | D17: =COUNTIF(원본데이터!$J$3:$J$200,B17) -> 31 | E17: =SUMIF(원본데이터!$J$3:$J$200,B17,원본데이터!$G$3:$G$200) -> 1127 | F17: =SUMIF(원본데이터!$J$3:$J$200,B17,원본데이터!$H$3:$H$200) -> 0 | G17: =SUMIF(원본데이터!$J$3:$J$200,B17,원본데이터!$I$3:$I$200) -> 1127
B18: SD200100 | C18: 진행중 | D18: =COUNTIF(원본데이터!$J$3:$J$200,B18) -> 5 | E18: =SUMIF(원본데이터!$J$3:$J$200,B18,원본데이터!$G$3:$G$200) -> 170 | F18: =SUMIF(원본데이터!$J$3:$J$200,B18,원본데이터!$H$3:$H$200) -> 0 | G18: =SUMIF(원본데이터!$J$3:$J$200,B18,원본데이터!$I$3:$I$200) -> 170
B19: SD200300 | C19: 부분출고 | D19: =COUNTIF(원본데이터!$J$3:$J$200,B19) -> 2 | E19: =SUMIF(원본데이터!$J$3:$J$200,B19,원본데이터!$G$3:$G$200) -> 30 | F19: =SUMIF(원본데이터!$J$3:$J$200,B19,원본데이터!$H$3:$H$200) -> 7 | G19: =SUMIF(원본데이터!$J$3:$J$200,B19,원본데이터!$I$3:$I$200) -> 23
B20: SD200500 | C20: 출고완료 | D20: =COUNTIF(원본데이터!$J$3:$J$200,B20) -> 64 | E20: =SUMIF(원본데이터!$J$3:$J$200,B20,원본데이터!$G$3:$G$200) -> 2102 | F20: =SUMIF(원본데이터!$J$3:$J$200,B20,원본데이터!$H$3:$H$200) -> 2105 | G20: =SUMIF(원본데이터!$J$3:$J$200,B20,원본데이터!$I$3:$I$200) -> -3
B22: 근거: 미착수(SD200000)·진행중(SD200100)·부분출고(SD200300) 3개 상태는 실제 미출고 잔량이 남아 있음. 출고완료(SD200500)는 잔량이 0에 수렴(반올림 오차 제외) — 사실상 종결.
B23: 신뢰도: 실측 검증(ERP 원본 데이터 직접 계산). daily_dlv_alert.py의 완료 제외 필터(DONE_STAT)가 실제 상태코드와 불일치하는 버그가 있어(확인됨), 본 보고서는 상태코드 기준으로 별도 재계산함.
B24: 출처: outputs/dlv_alerts/납기알림_20260716.xlsx (ERP 재연마수주 등록 조회, 2026-07-16 09:00 자동 생성)

Sheet 일자별집계
A1: 납기일
A3: 납기일 | B3: 건수 | C3: 수주수량 | D3: 출고수량 | E3: 잔량 | F3: 비고
A4: 46175 | B4: =COUNTIF(원본데이터!$C$3:$C$200,A4) -> 2 | C4: =SUMIF(원본데이터!$C$3:$C$200,A4,원본데이터!$G$3:$G$200) -> 94 | D4: =SUMIF(원본데이터!$C$3:$C$200,A4,원본데이터!$H$3:$H$200) -> 94 | E4: =SUMIF(원본데이터!$C$3:$C$200,A4,원본데이터!$I$3:$I$200) -> 0 | F4: =IF(A4<요약!$C$4,IF(E4>0,"연체","완료"),IF(E4>0,"임박/예정","")) -> 완료
A5: 46184 | B5: =COUNTIF(원본데이터!$C$3:$C$200,A5) -> 1 | C5: =SUMIF(원본데이터!$C$3:$C$200,A5,원본데이터!$G$3:$G$200) -> 35 | D5: =SUMIF(원본데이터!$C$3:$C$200,A5,원본데이터!$H$3:$H$200) -> 35 | E5: =SUMIF(원본데이터!$C$3:$C$200,A5,원본데이터!$I$3:$I$200) -> 0 | F5: =IF(A5<요약!$C$4,IF(E5>0,"연체","완료"),IF(E5>0,"임박/예정","")) -> 완료
A6: 46185 | B6: =COUNTIF(원본데이터!$C$3:$C$200,A6) -> 4 | C6: =SUMIF(원본데이터!$C$3:$C$200,A6,원본데이터!$G$3:$G$200) -> 70 | D6: =SUMIF(원본데이터!$C$3:$C$200,A6,원본데이터!$H$3:$H$200) -> 70 | E6: =SUMIF(원본데이터!$C$3:$C$200,A6,원본데이터!$I$3:$I$200) -> 0 | F6: =IF(A6<요약!$C$4,IF(E6>0,"연체","완료"),IF(E6>0,"임박/예정","")) -> 완료
A7: 46187 | B7: =COUNTIF(원본데이터!$C$3:$C$200,A7) -> 2 | C7: =SUMIF(원본데이터!$C$3:$C$200,A7,원본데이터!$G$3:$G$200) -> 10 | D7: =SUMIF(원본데이터!$C$3:$C$200,A7,원본데이터!$H$3:$H$200) -> 10 | E7: =SUMIF(원본데이터!$C$3:$C$200,A7,원본데이터!$I$3:$I$200) -> 0 | F7: =IF(A7<요약!$C$4,IF(E7>0,"연체","완료"),IF(E7>0,"임박/예정","")) -> 완료
A8: 46188 | B8: =COUNTIF(원본데이터!$C$3:$C$200,A8) -> 3 | C8: =SUMIF(원본데이터!$C$3:$C$200,A8,원본데이터!$G$3:$G$200) -> 35 | D8: =SUMIF(원본데이터!$C$3:$C$200,A8,원본데이터!$H$3:$H$200) -> 35 | E8: =SUMIF(원본데이터!$C$3:$C$200,A8,원본데이터!$I$3:$I$200) -> 0 | F8: =IF(A8<요약!$C$4,IF(E8>0,"연체","완료"),IF(E8>0,"임박/예정","")) -> 완료
A9: 46189 | B9: =COUNTIF(원본데이터!$C$3:$C$200,A9) -> 1 | C9: =SUMIF(원본데이터!$C$3:$C$200,A9,원본데이터!$G$3:$G$200) -> 10 | D9: =SUMIF(원본데이터!$C$3:$C$200,A9,원본데이터!$H$3:$H$200) -> 10 | E9: =SUMIF(원본데이터!$C$3:$C$200,A9,원본데이터!$I$3:$I$200) -> 0 | F9: =IF(A9<요약!$C$4,IF(E9>0,"연체","완료"),IF(E9>0,"임박/예정","")) -> 완료
A10: 46191 | B10: =COUNTIF(원본데이터!$C$3:$C$200,A10) -> 2 | C10: =SUMIF(원본데이터!$C$3:$C$200,A10,원본데이터!$G$3:$G$200) -> 23 | D10: =SUMIF(원본데이터!$C$3:$C$200,A10,원본데이터!$H$3:$H$200) -> 3 | E10: =SUMIF(원본데이터!$C$3:$C$200,A10,원본데이터!$I$3:$I$200) -> 20 | F10: =IF(A10<요약!$C$4,IF(E10>0,"연체","완료"),IF(E10>0,"임박/예정","")) -> 연체
A11: 46192 | B11: =COUNTIF(원본데이터!$C$3:$C$200,A11) -> 3 | C11: =SUMIF(원본데이터!$C$3:$C$200,A11,원본데이터!$G$3:$G$200) -> 105 | D11: =SUMIF(원본데이터!$C$3:$C$200,A11,원본데이터!$H$3:$H$200) -> 105 | E11: =SUMIF(원본데이터!$C$3:$C$200,A11,원본데이터!$I$3:$I$200) -> 0 | F11: =IF(A11<요약!$C$4,IF(E11>0,"연체","완료"),IF(E11>0,"임박/예정","")) -> 완료
A12: 46193 | B12: =COUNTIF(원본데이터!$C$3:$C$200,A12) -> 2 | C12: =SUMIF(원본데이터!$C$3:$C$200,A12,원본데이터!$G$3:$G$200) -> 50 | D12: =SUMIF(원본데이터!$C$3:$C$200,A12,원본데이터!$H$3:$H$200) -> 50 | E12: =SUMIF(원본데이터!$C$3:$C$200,A12,원본데이터!$I$3:$I$200) -> 0 | F12: =IF(A12<요약!$C$4,IF(E12>0,"연체","완료"),IF(E12>0,"임박/예정","")) -> 완료
A13: 46195 | B13: =COUNTIF(원본데이터!$C$3:$C$200,A13) -> 7 | C13: =SUMIF(원본데이터!$C$3:$C$200,A13,원본데이터!$G$3:$G$200) -> 492 | D13: =SUMIF(원본데이터!$C$3:$C$200,A13,원본데이터!$H$3:$H$200) -> 492 | E13: =SUMIF(원본데이터!$C$3:$C$200,A13,원본데이터!$I$3:$I$200) -> 0 | F13: =IF(A13<요약!$C$4,IF(E13>0,"연체","완료"),IF(E13>0,"임박/예정","")) -> 완료
A14: 46198 | B14: =COUNTIF(원본데이터!$C$3:$C$200,A14) -> 5 | C14: =SUMIF(원본데이터!$C$3:$C$200,A14,원본데이터!$G$3:$G$200) -> 130 | D14: =SUMIF(원본데이터!$C$3:$C$200,A14,원본데이터!$H$3:$H$200) -> 130 | E14: =SUMIF(원본데이터!$C$3:$C$200,A14,원본데이터!$I$3:$I$200) -> 0 | F14: =IF(A14<요약!$C$4,IF(E14>0,"연체","완료"),IF(E14>0,"임박/예정","")) -> 완료
A15: 46199 | B15: =COUNTIF(원본데이터!$C$3:$C$200,A15) -> 1 | C15: =SUMIF(원본데이터!$C$3:$C$200,A15,원본데이터!$G$3:$G$200) -> 1 | D15: =SUMIF(원본데이터!$C$3:$C$200,A15,원본데이터!$H$3:$H$200) -> 1 | E15: =SUMIF(원본데이터!$C$3:$C$200,A15,원본데이터!$I$3:$I$200) -> 0 | F15: =IF(A15<요약!$C$4,IF(E15>0,"연체","완료"),IF(E15>0,"임박/예정","")) -> 완료
... A35: 46228 | B35: =COUNTIF(원본데이터!$C$3:$C$200,A35) -> 6 | C35: =SUMIF(원본데이터!$C$3:$C$200,A35,원본데이터!$G$3:$G$200) -> 109 | D35: =SUMIF(원본데이터!$C$3:$C$200,A35,원본데이터!$H$3:$H$200) -> 0 | E35: =SUMIF(원본데이터!$C$3:$C$200,A35,원본데이터!$I$3:$I$200) -> 109 | F35: =IF(A35<요약!$C$4,IF(E35>0,"연체","완료"),IF(E35>0,"임박/예정","")) -> 임박/예정

Sheet 원본데이터
A2: 수주번호 | B2: 수주일 | C2: 납기일 | D2: 거래처 | E2: 발주처 | F2: 품목명 | G2: 수주수량 | H2: 출고수량 | I2: 잔량 | J2: 상태코드 | K2: 상태명 | L2: 연체여부
A3: 2607150230 | B3: 46218 | C3: 46228 | D3: 덕원종합상사 | E3: 바른정밀 | F3: 4날/코너/4mm/초경/밑날/일반 코팅 | G3: 67 | H3: 0 | I3: =G3-H3 -> 67 | J3: SD200000 | K3: =IFERROR(INDEX({"미착수(신규접수)","진행중","부분출고","출고완료"},MATCH(J3,{"SD200000","SD200100","SD200300","SD200500"},0)),"미확인") -> 미착수(신규접수) | L3: =IF(AND(C3<요약!$C$4,I3>0),"연체","")
A4: 2607150209 | B4: 46218 | C4: 46228 | D4: 공구백화점(미산동) | F4: 재연마 | G4: 3 | H4: 0 | I4: =G4-H4 -> 3 | J4: SD200000 | K4: =IFERROR(INDEX({"미착수(신규접수)","진행중","부분출고","출고완료"},MATCH(J4,{"SD200000","SD200100","SD200300","SD200500"},0)),"미확인") -> 미착수(신규접수) | L4: =IF(AND(C4<요약!$C$4,I4>0),"연체","")
A5: 2607150190 | B5: 46218 | C5: 46228 | D5: 원영공구(구,원영상사) | E5: 에이치에스 | F5: 2날/드릴/4.3MM/HSS/밑날/비코팅 | G5: 26 | H5: 0 | I5: =G5-H5 -> 26 | J5: SD200000 | K5: =IFERROR(INDEX({"미착수(신규접수)","진행중","부분출고","출고완료"},MATCH(J5,{"SD200000","SD200100","SD200300","SD200500"},0)),"미확인") -> 미착수(신규접수) | L5: =IF(AND(C5<요약!$C$4,I5>0),"연체","")
A6: 2607150180 | B6: 46218 | C6: 46228 | D6: 원영공구(구,원영상사) | E6: 동아기계 | F6: 재연마 | G6: 1 | H6: 0 | I6: =G6-H6 -> 1 | J6: SD200000 | K6: =IFERROR(INDEX({"미착수(신규접수)","진행중","부분출고","출고완료"},MATCH(J6,{"SD200000","SD200100","SD200300","SD200500"},0)),"미확인") -> 미착수(신규접수) | L6: =IF(AND(C6<요약!$C$4,I6>0),"연체","")
A7: 2607150174 | B7: 46218 | C7: 46228 | D7: 원영공구(구,원영상사) | E7: 일월종합 | F7: 3날/평/12mm/초경/밑날/비코팅 | G7: 3 | H7: 0 | I7: =G7-H7 -> 3 | J7: SD200000 | K7: =IFERROR(INDEX({"미착수(신규접수)","진행중","부분출고","출고완료"},MATCH(J7,{"SD200000","SD200100","SD200300","SD200500"},0)),"미확인") -> 미착수(신규접수) | L7: =IF(AND(C7<요약!$C$4,I7>0),"연체","")
A8: 2607150163 | B8: 46218 | C8: 46228 | D8: 원영공구(구,원영상사) | E8: 일반 | F8: 4날/평/12mm/초경/밑날/일반 코팅 | G8: 9 | H8: 0 | I8: =G8-H8 -> 9 | J8: SD200000 | K8: =IFERROR(INDEX({"미착수(신규접수)","진행중","부분출고","출고완료"},MATCH(J8,{"SD200000","SD200100","SD200300","SD200500"},0)),"미확인") -> 미착수(신규접수) | L8: =IF(AND(C8<요약!$C$4,I8>0),"연체","")
A9: 2607130194 | B9: 46216 | C9: 46226 | D9: 아신상사 | F9: 4날/평/4mm/초경/밑날/비코팅 | G9: 144 | H9: 0 | I9: =G9-H9 -> 144 | J9: SD200000 | K9: =IFERROR(INDEX({"미착수(신규접수)","진행중","부분출고","출고완료"},MATCH(J9,{"SD200000","SD200100","SD200300","SD200500"},0)),"미확인") -> 미착수(신규접수) | L9: =IF(AND(C9<요약!$C$4,I9>0),"연체","")
A10: 2607130057 | B10: 46216 | C10: 46226 | D10: 영우툴링(창성툴) | F10: 코팅만/일반코팅/16MM이하 | G10: 5 | H10: 5 | I10: =G10-H10 -> 0 | J10: SD200500 | K10: =IFERROR(INDEX({"미착수(신규접수)","진행중","부분출고","출고완료"},MATCH(J10,{"SD200000","SD200100","SD200300","SD200500"},0)),"미확인") -> 출고완료 | L10: =IF(AND(C10<요약!$C$4,I10>0),"연체","")
A11: 2607100191 | B11: 46213 | C11: 46223 | D11: 건영테크(광주) | F11: 2날/볼/4mm/초경/밑날/일반 코팅 | G11: 79 | H11: 0 | I11: =G11-H11 -> 79 | J11: SD200000 | K11: =IFERROR(INDEX({"미착수(신규접수)","진행중","부분출고","출고완료"},MATCH(J11,{"SD200000","SD200100","SD200300","SD200500"},0)),"미확인") -> 미착수(신규접수) | L11: =IF(AND(C11<요약!$C$4,I11>0),"연체","")
A12: 2607100183 | B12: 46213 | C12: 46223 | D12: 아이티공구 | E12: 주은 | F12: 4날/평/6mm/초경/밑날/비코팅 | G12: 3 | H12: 0 | I12: =G12-H12 -> 3 | J12: SD200100 | K12: =IFERROR(INDEX({"미착수(신규접수)","진행중","부분출고","출고완료"},MATCH(J12,{"SD200000","SD200100","SD200300","SD200500"},0)),"미확인") -> 진행중 | L12: =IF(AND(C12<요약!$C$4,I12>0),"연체","")
A13: 2607100176 | B13: 46213 | C13: 46223 | D13: 동명ENG-코고툴(재연마) | F13: 2날/볼/10mm/초경/밑날/고경도 코팅 | G13: 86 | H13: 0 | I13: =G13-H13 -> 86 | J13: SD200000 | K13: =IFERROR(INDEX({"미착수(신규접수)","진행중","부분출고","출고완료"},MATCH(J13,{"SD200000","SD200100","SD200300","SD200500"},0)),"미확인") -> 미착수(신규접수) | L13: =IF(AND(C13<요약!$C$4,I13>0),"연체","")
A14: 2607100175 | B14: 46213 | C14: 46223 | D14: 반석공구 | E14: 코스맥 | F14: 4날/평/10mm/초경/밑날/일반 코팅 | G14: 6 | H14: 0 | I14: =G14-H14 -> 6 | J14: SD200000 | K14: =IFERROR(INDEX({"미착수(신규접수)","진행중","부분출고","출고완료"},MATCH(J14,{"SD200000","SD200100","SD200300","SD200500"},0)),"미확인") -> 미착수(신규접수) | L14: =IF(AND(C14<요약!$C$4,I14>0),"연체","")
A15: 2607100173 | B15: 46213 | C15: 46223 | D15: 반석공구 | E15: 삼호 | F15: 4날/평/10mm/초경/밑날/일반 코팅 | G15: 28 | H15: 0 | I15: =G15-H15 -> 28 | J15: SD200000 | K15: =IFERROR(INDEX({"미착수(신규접수)","진행중","부분출고","출고완료"},MATCH(J15,{"SD200000","SD200100","SD200300","SD200500"},0)),"미확인") -> 미착수(신규접수) | L15: =IF(AND(C15<요약!$C$4,I15>0),"연체","")
A16: 2607100170 | B16: 46213 | C16: 46223 | D16: 반석공구 | F16: 3날/평/16mm/초경/밑옆날/비코팅 | G16: 2 | H16: 0 | I16: =G16-H16 -> 2 | J16: SD200000 | K16: =IFERROR(INDEX({"미착수(신규접수)","진행중","부분출고","출고완료"},MATCH(J16,{"SD200000","SD200100","SD200300","SD200500"},0)),"미확인") -> 미착수(신규접수) | L16: =IF(AND(C16<요약!$C$4,I16>0),"연체","")
A17: 2607100148 | B17: 46213 | C17: 46223 | D17: 알제이코리아 | F17: 6날/리머/10MM/초경/밑날/비코팅 | G17: 50 | H17: 0 | I17: =G17-H17 -> 50 | J17: SD200000 | K17: =IFERROR(INDEX({"미착수(신규접수)","진행중","부분출고","출고완료"},MATCH(J17,{"SD200000","SD200100","SD200300","SD200500"},0)),"미확인") -> 미착수(신규접수) | L17: =IF(AND(C17<요약!$C$4,I17>0),"연체","")
A18: 2607100117 | B18: 46213 | C18: 46223 | D18: 대우툴링 | E18: 한테크 | F18: 2날/평/8mm/초경/밑날/일반 코팅 | G18: 10 | H18: 0 | I18: =G18-H18 -> 10 | J18: SD200000 | K18: =IFERROR(INDEX({"미착수(신규접수)","진행중","부분출고","출고완료"},MATCH(J18,{"SD200000","SD200100","SD200300","SD200500"},0)),"미확인") -> 미착수(신규접수) | L18: =IF(AND(C18<요약!$C$4,I18>0),"연체","")
A19: 2607090103 | B19: 46212 | C19: 46222 | D19: 유진상사(문래) | F19: 재연마 | G19: 1 | H19: 0 | I19: =G19-H19 -> 1 | J19: SD200000 | K19: =IFERROR(INDEX({"미착수(신규접수)","진행중","부분출고","출고완료"},MATCH(J19,{"SD200000","SD200100","SD200300","SD200500"},0)),"미확인") -> 미착수(신규접수) | L19: =IF(AND(C19<요약!$C$4,I19>0),"연체","")
A20: 2607090099 | B20: 46212 | C20: 46222 | D20: 건영테크(광주) | F20: 2날/볼/6mm/초경/밑날/일반 코팅 | G20: 119 | H20: 0 | I20: =G20-H20 -> 119 | J20: SD200000 | K20: =IFERROR(INDEX({"미착수(신규접수)","진행중","부분출고","출고완료"},MATCH(J20,{"SD200000","SD200100","SD200300","SD200500"},0)),"미확인") -> 미착수(신규접수) | L20: =IF(AND(C20<요약!$C$4,I20>0),"연체","")
A21: 2607090060 | B21: 46212 | C21: 46222 | D21: 초경툴(구,성민 | F21: 2날/볼/10mm/초경/밑날/일반 코팅 | G21: 201 | H21: 0 | I21: =G21-H21 -> 201 | J21: SD200000 | K21: =IFERROR(INDEX({"미착수(신규접수)","진행중","부분출고","출고완료"},MATCH(J21,{"SD200000","SD200100","SD200300","SD200500"},0)),"미확인") -> 미착수(신규접수) | L21: =IF(AND(C21<요약!$C$4,I21>0),"연체","")
A22: 2607080053 | B22: 46211 | C22: 46221 | D22: 덕원종합상사 | E22: JS | F22: 2날/드릴/6MM/초경/밑날/고경도코팅 | G22: 20 | H22: 5 | I22: =G22-H22 -> 15 | J22: SD200300 | K22: =IFERROR(INDEX({"미착수(신규접수)","진행중","부분출고","출고완료"},MATCH(J22,{"SD200000","SD200100","SD200300","SD200500"},0)),"미확인") -> 부분출고 | L22: =IF(AND(C22<요약!$C$4,I22>0),"연체","")
A23: 2607080050 | B23: 46211 | C23: 46221 | D23: 덕원종합상사 | E23: JS | F23: 2날/드릴/6MM/초경/밑날/고경도코팅 | G23: 18 | H23: 0 | I23: =G23-H23 -> 18 | J23: SD200000 | K23: =IFERROR(INDEX({"미착수(신규접수)","진행중","부분출고","출고완료"},MATCH(J23,{"SD200000","SD200100","SD200300","SD200500"},0)),"미확인") -> 미착수(신규접수) | L23: =IF(AND(C23<요약!$C$4,I23>0),"연체","")
A24: 2607080028 | B24: 46211 | C24: 46221 | D24: 강민툴링(비봉) | E24: 대일 | F24: 2날/드릴/19mm/초경/밑날/일반 코팅 | G24: 3 | H24: 0 | I24: =G24-H24 -> 3 | J24: SD200000 | K24: =IFERROR(INDEX({"미착수(신규접수)","진행중","부분출고","출고완료"},MATCH(J24,{"SD200000","SD200100","SD200300","SD200500"},0)),"미확인") -> 미착수(신규접수) | L24: =IF(AND(C24<요약!$C$4,I24>0),"연체","")
A25: 2607080026 | B25: 46211 | C25: 46221 | D25: 강민툴링(비봉) | E25: 서원IND | F25: 4날/평/16mm/초경/밑날/비코팅 | G25: 1 | H25: 1 | I25: =G25-H25 -> 0 | J25: SD200500 | K25: =IFERROR(INDEX({"미착수(신규접수)","진행중","부분출고","출고완료"},MATCH(J25,{"SD200000","SD200100","SD200300","SD200500"},0)),"미확인") -> 출고완료 | L25: =IF(AND(C25<요약!$C$4,I25>0),"연체","")
A26: 2607070100 | B26: 46210 | C26: 46220 | D26: 아이티공구 | E26: 유진 | F26: 재연마 | G26: 7 | H26: 0 | I26: =G26-H26 -> 7 | J26: SD200000 | K26: =IFERROR(INDEX({"미착수(신규접수)","진행중","부분출고","출고완료"},MATCH(J26,{"SD200000","SD200100","SD200300","SD200500"},0)),"미확인") -> 미착수(신규접수) | L26: =IF(AND(C26<요약!$C$4,I26>0),"연체","")
A27: 2607060074 | B27: 46209 | C27: 46219 | D27: 왕삼아공구 | F27: 4날/평/10mm/초경/밑날/일반 코팅 | G27: 10 | H27: 0 | I27: =G27-H27 -> 10 | J27: SD200000 | K27: =IFERROR(INDEX({"미착수(신규접수)","진행중","부분출고","출고완료"},MATCH(J27,{"SD200000","SD200100","SD200300","SD200500"},0)),"미확인") -> 미착수(신규접수) | L27: =IF(AND(C27<요약!$C$4,I27>0),"연체","")
A28: 2607060059 | B28: 46209 | C28: 46219 | D28: 유비툴 | E28: A | F28: 2날/드릴/3mm/초경/밑날/비코팅 | G28: 15 | H28: 0 | I28: =G28-H28 -> 15 | J28: SD200000 | K28: =IFERROR(INDEX({"미착수(신규접수)","진행중","부분출고","출고완료"},MATCH(J28,{"SD200000","SD200100","SD200300","SD200500"},0)),"미확인") -> 미착수(신규접수) | L28: =IF(AND(C28<요약!$C$4,I28>0),"연체","")
A29: 2607060057 | B29: 46209 | C29: 46219 | D29: N. | F29: 재연마 | G29: 2 | H29: 0 | I29: =G29-H29 -> 2 | J29: SD200000 | K29: =IFERROR(INDEX({"미착수(신규접수)","진행중","부분출고","출고완료"},MATCH(J29,{"SD200000","SD200100","SD200300","SD200500"},0)),"미확인") -> 미착수(신규접수) | L29: =IF(AND(C29<요약!$C$4,I29>0),"연체","")
A30: 2607030127 | B30: 46206 | C30: 46216 | D30: (주)세종종합상사(미산동) | F30: 2날/평/12mm/초경/밑날/일반 코팅 | G30: 134 | H30: 0 | I30: =G30-H30 -> 134 | J30: SD200000 | K30: =IFERROR(INDEX({"미착수(신규접수)","진행중","부분출고","출고완료"},MATCH(J30,{"SD200000","SD200100","SD200300","SD200500"},0)),"미확인") -> 미착수(신규접수) | L30: =IF(AND(C30<요약!$C$4,I30>0),"연체","") -> 연체
A31: 2607030099 | B31: 46206 | C31: 46216 | D31: 유진상사(문래) | F31: 2날/드릴/6.9mm/초경/밑날/일반 코팅 | G31: 1 | H31: 0 | I31: =G31-H31 -> 1 | J31: SD200000 | K31: =IFERROR(INDEX({"미착수(신규접수)","진행중","부분출고","출고완료"},MATCH(J31,{"SD200000","SD200100","SD200300","SD200500"},0)),"미확인") -> 미착수(신규접수) | L31: =IF(AND(C31<요약!$C$4,I31>0),"연체","") -> 연체
A32: 2607030097 | B32: 46206 | C32: 46216 | D32: (주)공화공구 | F32: 2날/코너/12mm/초경/밑날/일반 코팅 | G32: 5 | H32: 5 | I32: =G32-H32 -> 0 | J32: SD200500 | K32: =IFERROR(INDEX({"미착수(신규접수)","진행중","부분출고","출고완료"},MATCH(J32,{"SD200000","SD200100","SD200300","SD200500"},0)),"미확인") -> 출고완료 | L32: =IF(AND(C32<요약!$C$4,I32>0),"연체","")
A33: 2607020157 | B33: 46205 | C33: 46215 | D33: 영우툴링(창성툴) | E33: 에이치씨라인 | F33: 2날/볼/20mm/초경/밑날/비코팅 | G33: 6 | H33: 6 | I33: =G33-H33 -> 0 | J33: SD200500 | K33: =IFERROR(INDEX({"미착수(신규접수)","진행중","부분출고","출고완료"},MATCH(J33,{"SD200000","SD200100","SD200300","SD200500"},0)),"미확인") -> 출고완료 | L33: =IF(AND(C33<요약!$C$4,I33>0),"연체","")
A34: 2607020142 | B34: 46205 | C34: 46215 | D34: (주)금형티에스 | F34: 2날/볼/9mm/초경/밑날/일반 코팅 | G34: 9 | H34: 0 | I34: =G34-H34 -> 9 | J34: SD200000 | K34: =IFERROR(INDEX({"미착수(신규접수)","진행중","부분출고","출고완료"},MATCH(J34,{"SD200000","SD200100","SD200300","SD200500"},0)),"미확인") -> 미착수(신규접수) | L34: =IF(AND(C34<요약!$C$4,I34>0),"연체","") -> 연체
A35: 2607020137 | B35: 46205 | C35: 46215 | D35: 대륙기계공구 | F35: 2날/평/12mm/초경/밑날/비코팅 | G35: 2 | H35: 0 | I35: =G35-H35 -> 2 | J35: SD200000 | K35: =IFERROR(INDEX({"미착수(신규접수)","진행중","부분출고","출고완료"},MATCH(J35,{"SD200000","SD200100","SD200300","SD200500"},0)),"미확인") -> 미착수(신규접수) | L35: =IF(AND(C35<요약!$C$4,I35>0),"연체","") -> 연체
A36: 2607010006 | B36: 46204 | C36: 46204 | D36: (주)전진공구 | F36: 재연마 | G36: 2 | H36: 2 | I36: =G36-H36 -> 0 | J36: SD200500 | K36: =IFERROR(INDEX({"미착수(신규접수)","진행중","부분출고","출고완료"},MATCH(J36,{"SD200000","SD200100","SD200300","SD200500"},0)),"미확인") -> 출고완료 | L36: =IF(AND(C36<요약!$C$4,I36>0),"연체","")
A37: 2606300308 | B37: 46203 | C37: 46213 | D37: 반석공구 | E37: 디오프론 | F37: 3날/평/12mm/초경/밑날/비코팅 | G37: 4 | H37: 4 | I37: =G37-H37 -> 0 | J37: SD200500 | K37: =IFERROR(INDEX({"미착수(신규접수)","진행중","부분출고","출고완료"},MATCH(J37,{"SD200000","SD200100","SD200300","SD200500"},0)),"미확인") -> 출고완료 | L37: =IF(AND(C37<요약!$C$4,I37>0),"연체","")
A38: 2606300307 | B38: 46203 | C38: 46213 | D38: 아이티공구 | E38: 범양 | F38: 2날/평/20mm/HSS/밑날/일반 코팅 | G38: 12 | H38: 0 | I38: =G38-H38 -> 12 | J38: SD200100 | K38: =IFERROR(INDEX({"미착수(신규접수)","진행중","부분출고","출고완료"},MATCH(J38,{"SD200000","SD200100","SD200300","SD200500"},0)),"미확인") -> 진행중 | L38: =IF(AND(C38<요약!$C$4,I38>0),"연체","") -> 연체
A39: 2606300306 | B39: 46203 | C39: 46204 | D39: 동남종합상사(주) | F39: 4날/코너/8mm/초경/밑날/일반 코팅 | G39: 9 | H39: 0 | I39: =G39-H39 -> 9 | J39: SD200000 | K39: =IFERROR(INDEX({"미착수(신규접수)","진행중","부분출고","출고완료"},MATCH(J39,{"SD200000","SD200100","SD200300","SD200500"},0)),"미확인") -> 미착수(신규접수) | L39: =IF(AND(C39<요약!$C$4,I39>0),"연체","") -> 연체
A40: 2606300305 | B40: 46203 | C40: 46213 | D40: 원영공구(구,원영상사) | E40: HS | F40: 4날/평/6mm/초경/밑날/일반 코팅 | G40: 24 | H40: 24 | I40: =G40-H40 -> 0 | J40: SD200500 | K40: =IFERROR(INDEX({"미착수(신규접수)","진행중","부분출고","출고완료"},MATCH(J40,{"SD200000","SD200100","SD200300","SD200500"},0)),"미확인") -> 출고완료 | L40: =IF(AND(C40<요약!$C$4,I40>0),"연체","")
A41: 2606290026 | B41: 46202 | C41: 46212 | D41: 영우툴링(창성툴) | F41: 코팅만/일반코팅/35MM | G41: 1 | H41: 1 | I41: =G41-H41 -> 0 | J41: SD200500 | K41: =IFERROR(INDEX({"미착수(신규접수)","진행중","부분출고","출고완료"},MATCH(J41,{"SD200000","SD200100","SD200300","SD200500"},0)),"미확인") -> 출고완료 | L41: =IF(AND(C41<요약!$C$4,I41>0),"연체","")
A42: 2606260138 | B42: 46199 | C42: 46209 | D42: (주)공화공구 | E42: 3 | F42: 2날/드릴/20mm/초경/밑날/일반 코팅 | G42: 6 | H42: 0 | I42: =G42-H42 -> 6 | J42: SD200100 | K42: =IFERROR(INDEX({"미착수(신규접수)","진행중","부분출고","출고완료"},MATCH(J42,{"SD200000","SD200100","SD200300","SD200500"},0)),"미확인") -> 진행중 | L42: =IF(AND(C42<요약!$C$4,I42>0),"연체","") -> 연체
A43: 2606260134 | B43: 46199 | C43: 46209 | D43: (주)공화공구 | E43: 2 | F43: 2날/평/6mm/HSS/밑날/비코팅 | G43: 48 | H43: 48 | I43: =G43-H43 -> 0 | J43: SD200500 | K43: =IFERROR(INDEX({"미착수(신규접수)","진행중","부분출고","출고완료"},MATCH(J43,{"SD200000","SD200100","SD200300","SD200500"},0)),"미확인") -> 출고완료 | L43: =IF(AND(C43<요약!$C$4,I43>0),"연체","")
A44: 2606260132 | B44: 46199 | C44: 46209 | D44: (주)공화공구 | E44: 1 | F44: 2날/평/11mm/HSS/밑날/비코팅 | G44: 31 | H44: 31 | I44: =G44-H44 -> 0 | J44: SD200500 | K44: =IFERROR(INDEX({"미착수(신규접수)","진행중","부분출고","출고완료"},MATCH(J44,{"SD200000","SD200100","SD200300","SD200500"},0)),"미확인") -> 출고완료 | L44: =IF(AND(C44<요약!$C$4,I44>0),"연체","")
A45: 2606260122 | B45: 46199 | C45: 46209 | D45: 아이티공구 | E45: 세이버 | F45: 2날/볼/5mm/초경/밑날/일반 코팅 | G45: 5 | H45: 5 | I45: =G45-H45 -> 0 | J45: SD200500 | K45: =IFERROR(INDEX({"미착수(신규접수)","진행중","부분출고","출고완료"},MATCH(J45,{"SD200000","SD200100","SD200300","SD200500"},0)),"미확인") -> 출고완료 | L45: =IF(AND(C45<요약!$C$4,I45>0),"연체","")
A46: 2606260114 | B46: 46199 | C46: 46209 | D46: 아이티공구 | E46: 신성 | F46: 2날/드릴/22mm/HSS/밑날/비코팅 | G46: 40 | H46: 0 | I46: =G46-H46 -> 40 | J46: SD200000 | K46: =IFERROR(INDEX({"미착수(신규접수)","진행중","부분출고","출고완료"},MATCH(J46,{"SD200000","SD200100","SD200300","SD200500"},0)),"미확인") -> 미착수(신규접수) | L46: =IF(AND(C46<요약!$C$4,I46>0),"연체","") -> 연체
A47: 2606250139 | B47: 46198 | C47: 46208 | D47: 대륙기계공구 | E47: 에버다임 | F47: 2날/볼/3mm/초경/밑날/일반 코팅 | G47: 129 | H47: 0 | I47: =G47-H47 -> 129 | J47: SD200100 | K47: =IFERROR(INDEX({"미착수(신규접수)","진행중","부분출고","출고완료"},MATCH(J47,{"SD200000","SD200100","SD200300","SD200500"},0)),"미확인") -> 진행중 | L47: =IF(AND(C47<요약!$C$4,I47>0),"연체","") -> 연체
A48: 2606250098 | B48: 46198 | C48: 46208 | D48: 대륙기계공구 | E48: 제일정밀 | F48: 2날/볼/6mm/초경/밑날/일반 코팅 | G48: 29 | H48: 29 | I48: =G48-H48 -> 0 | J48: SD200500 | K48: =IFERROR(INDEX({"미착수(신규접수)","진행중","부분출고","출고완료"},MATCH(J48,{"SD200000","SD200100","SD200300","SD200500"},0)),"미확인") -> 출고완료 | L48: =IF(AND(C48<요약!$C$4,I48>0),"연체","")
A49: 2606250094 | B49: 46198 | C49: 46208 | D49: 유성종합공구 | E49: 세림기공 | F49: 4날/라핑/20mm/HSS/밑골수리/일반 코팅 | G49: 7 | H49: 7 | I49: =G49-H49 -> 0 | J49: SD200500 | K49: =IFERROR(INDEX({"미착수(신규접수)","진행중","부분출고","출고완료"},MATCH(J49,{"SD200000","SD200100","SD200300","SD200500"},0)),"미확인") -> 출고완료 | L49: =IF(AND(C49<요약!$C$4,I49>0),"연체","")
A50: 2606250093 | B50: 46198 | C50: 46208 | D50: 하나테크 | F50: 2날/평/27MM/HSS/밑날/비코팅 | G50: 2 | H50: 2 | I50: =G50-H50 -> 0 | J50: SD200500 | K50: =IFERROR(INDEX({"미착수(신규접수)","진행중","부분출고","출고완료"},MATCH(J50,{"SD200000","SD200100","SD200300","SD200500"},0)),"미확인") -> 출고완료 | L50: =IF(AND(C50<요약!$C$4,I50>0),"연체","")
A51: 2606250091 | B51: 46198 | C51: 46208 | D51: 서림툴링 | F51: 재연마 | G51: 21 | H51: 0 | I51: =G51-H51 -> 21 | J51: SD200000 | K51: =IFERROR(INDEX({"미착수(신규접수)","진행중","부분출고","출고완료"},MATCH(J51,{"SD200000","SD200100","SD200300","SD200500"},0)),"미확인") -> 미착수(신규접수) | L51: =IF(AND(C51<요약!$C$4,I51>0),"연체","") -> 연체
A52: 2606240092 | B52: 46197 | C52: 46207 | D52: 강민툴링(비봉) | E52: 아림 | F52: 2날/드릴/10mm/초경/밑날/비코팅 | G52: 22 | H52: 25 | I52: =G52-H52 -> -3 | J52: SD200500 | K52: =IFERROR(INDEX({"미착수(신규접수)","진행중","부분출고","출고완료"},MATCH(J52,{"SD200000","SD200100","SD200300","SD200500"},0)),"미확인") -> 출고완료 | L52: =IF(AND(C52<요약!$C$4,I52>0),"연체","")
A53: 2606240090 | B53: 46197 | C53: 46207 | D53: 유성상공사 | F53: 6날/라핑평/35MM/HSS/밑골수리/일반코팅 | G53: 2 | H53: 2 | I53: =G53-H53 -> 0 | J53: SD200500 | K53: =IFERROR(INDEX({"미착수(신규접수)","진행중","부분출고","출고완료"},MATCH(J53,{"SD200000","SD200100","SD200300","SD200500"},0)),"미확인") -> 출고완료 | L53: =IF(AND(C53<요약!$C$4,I53>0),"연체","")
A54: 2606240089 | B54: 46197 | C54: 46207 | D54: 대한초경공구 | E54: 경민 | F54: 3날/라핑평/30mm/초경/밑골수리/비코팅 | G54: 2 | H54: 2 | I54: =G54-H54 -> 0 | J54: SD200500 | K54: =IFERROR(INDEX({"미착수(신규접수)","진행중","부분출고","출고완료"},MATCH(J54,{"SD200000","SD200100","SD200300","SD200500"},0)),"미확인") -> 출고완료 | L54: =IF(AND(C54<요약!$C$4,I54>0),"연체","")
A55: 2606230112 | B55: 46196 | C55: 46206 | D55: 건영테크(광주) | F55: 2날/드릴/12MM/HSS/밑날/일반 코팅 | G55: 64 | H55: 64 | I55: =G55-H55 -> 0 | J55: SD200500 | K55: =IFERROR(INDEX({"미착수(신규접수)","진행중","부분출고","출고완료"},MATCH(J55,{"SD200000","SD200100","SD200300","SD200500"},0)),"미확인") -> 출고완료 | L55: =IF(AND(C55<요약!$C$4,I55>0),"연체","")
A56: 2606230064 | B56: 46196 | C56: 46206 | D56: 원영공구(구,원영상사) | E56: Y.K 정밀 | F56: 2날/평/26mm/HSS/밑날/비코팅 | G56: 10 | H56: 2 | I56: =G56-H56 -> 8 | J56: SD200300 | K56: =IFERROR(INDEX({"미착수(신규접수)","진행중","부분출고","출고완료"},MATCH(J56,{"SD200000","SD200100","SD200300","SD200500"},0)),"미확인") -> 부분출고 | L56: =IF(AND(C56<요약!$C$4,I56>0),"연체","") -> 연체
A57: 2606230054 | B57: 46196 | C57: 46206 | D57: (주)바로공구(정남) | F57: 4날/코너/6mm/초경/밑날/고경도 코팅 | G57: 21 | H57: 0 | I57: =G57-H57 -> 21 | J57: SD200000 | K57: =IFERROR(INDEX({"미착수(신규접수)","진행중","부분출고","출고완료"},MATCH(J57,{"SD200000","SD200100","SD200300","SD200500"},0)),"미확인") -> 미착수(신규접수) | L57: =IF(AND(C57<요약!$C$4,I57>0),"연체","") -> 연체
A58: 2606230052 | B58: 46196 | C58: 46206 | D58: 영우툴링(창성툴) | F58: 코팅만/일반코팅/12MM이하 | G58: 6 | H58: 6 | I58: =G58-H58 -> 0 | J58: SD200500 | K58: =IFERROR(INDEX({"미착수(신규접수)","진행중","부분출고","출고완료"},MATCH(J58,{"SD200000","SD200100","SD200300","SD200500"},0)),"미확인") -> 출고완료 | L58: =IF(AND(C58<요약!$C$4,I58>0),"연체","")
A59: 2606220093 | B59: 46195 | C59: 46205 | D59: 초경툴(구,성민 | F59: 4날/코너/8mm/초경/밑날/일반 코팅 | G59: 233 | H59: 233 | I59: =G59-H59 -> 0 | J59: SD200500 | K59: =IFERROR(INDEX({"미착수(신규접수)","진행중","부분출고","출고완료"},MATCH(J59,{"SD200000","SD200100","SD200300","SD200500"},0)),"미확인") -> 출고완료 | L59: =IF(AND(C59<요약!$C$4,I59>0),"연체","")
A60: 2606220055 | B60: 46195 | C60: 46205 | D60: 맨날툴이야 | E60: 지산 | F60: 2날/볼/20mm/초경/밑날/비코팅 | G60: 7 | H60: 7 | I60: =G60-H60 -> 0 | J60: SD200500 | K60: =IFERROR(INDEX({"미착수(신규접수)","진행중","부분출고","출고완료"},MATCH(J60,{"SD200000","SD200100","SD200300","SD200500"},0)),"미확인") -> 출고완료 | L60: =IF(AND(C60<요약!$C$4,I60>0),"연체","")
A61: 2606220053 | B61: 46195 | C61: 46205 | D61: 신우툴스 | F61: 2날/드릴/12mm/HSS/밑날/비코팅 | G61: 12 | H61: 12 | I61: =G61-H61 -> 0 | J61: SD200500 | K61: =IFERROR(INDEX({"미착수(신규접수)","진행중","부분출고","출고완료"},MATCH(J61,{"SD200000","SD200100","SD200300","SD200500"},0)),"미확인") -> 출고완료 | L61: =IF(AND(C61<요약!$C$4,I61>0),"연체","")
A62: 2606190102 | B62: 46192 | C62: 46202 | D62: 덕원종합상사 | E62: JS | F62: 4날/라핑코너/10MM/초경/밑날/고경도코팅 | G62: 25 | H62: 25 | I62: =G62-H62 -> 0 | J62: SD200500 | K62: =IFERROR(INDEX({"미착수(신규접수)","진행중","부분출고","출고완료"},MATCH(J62,{"SD200000","SD200100","SD200300","SD200500"},0)),"미확인") -> 출고완료 | L62: =IF(AND(C62<요약!$C$4,I62>0),"연체","")
A63: 2606190082 | B63: 46192 | C63: 46202 | D63: 덕원종합상사 | E63: 바른정밀 | F63: 4날/코너/10mm/초경/밑날/일반 코팅 | G63: 58 | H63: 58 | I63: =G63-H63 -> 0 | J63: SD200500 | K63: =IFERROR(INDEX({"미착수(신규접수)","진행중","부분출고","출고완료"},MATCH(J63,{"SD200000","SD200100","SD200300","SD200500"},0)),"미확인") -> 출고완료 | L63: =IF(AND(C63<요약!$C$4,I63>0),"연체","")
A64: 2606190076 | B64: 46192 | C64: 46202 | D64: 덕원종합상사 | E64: 달비 | F64: 재연마 | G64: 1 | H64: 1 | I64: =G64-H64 -> 0 | J64: SD200500 | K64: =IFERROR(INDEX({"미착수(신규접수)","진행중","부분출고","출고완료"},MATCH(J64,{"SD200000","SD200100","SD200300","SD200500"},0)),"미확인") -> 출고완료 | L64: =IF(AND(C64<요약!$C$4,I64>0),"연체","")
A65: 2606190058 | B65: 46192 | C65: 46202 | D65: 연성기공(주) | F65: 3날/라핑평/12mm/초경/밑날/비코팅 | G65: 139 | H65: 139 | I65: =G65-H65 -> 0 | J65: SD200500 | K65: =IFERROR(INDEX({"미착수(신규접수)","진행중","부분출고","출고완료"},MATCH(J65,{"SD200000","SD200100","SD200300","SD200500"},0)),"미확인") -> 출고완료 | L65: =IF(AND(C65<요약!$C$4,I65>0),"연체","")
A66: 2606180174 | B66: 46191 | C66: 46201 | D66: (주)공화공구 | F66: 2날/평/25mm/HSS/밑날/비코팅 | G66: 12 | H66: 12 | I66: =G66-H66 -> 0 | J66: SD200500 | K66: =IFERROR(INDEX({"미착수(신규접수)","진행중","부분출고","출고완료"},MATCH(J66,{"SD200000","SD200100","SD200300","SD200500"},0)),"미확인") -> 출고완료 | L66: =IF(AND(C66<요약!$C$4,I66>0),"연체","")
A67: 2606180165 | B67: 46191 | C67: 46201 | D67: E-tech(이테크) | F67: 4날/날붙이초경/30mm/초경/밑옆날/비코팅 | G67: 11 | H67: 11 | I67: =G67-H67 -> 0 | J67: SD200500 | K67: =IFERROR(INDEX({"미착수(신규접수)","진행중","부분출고","출고완료"},MATCH(J67,{"SD200000","SD200100","SD200300","SD200500"},0)),"미확인") -> 출고완료 | L67: =IF(AND(C67<요약!$C$4,I67>0),"연체","")
A68: 2606180154 | B68: 46191 | C68: 46201 | D68: 왕삼아공구 | F68: 재연마 | G68: 5 | H68: 5 | I68: =G68-H68 -> 0 | J68: SD200500 | K68: =IFERROR(INDEX({"미착수(신규접수)","진행중","부분출고","출고완료"},MATCH(J68,{"SD200000","SD200100","SD200300","SD200500"},0)),"미확인") -> 출고완료 | L68: =IF(AND(C68<요약!$C$4,I68>0),"연체","")
A69: 2606170293 | B69: 46190 | C69: 46200 | D69: 세운상사 | F69: 4날/날붙이초경/30MM/초경/옆날/비코팅 | G69: 9 | H69: 9 | I69: =G69-H69 -> 0 | J69: SD200500 | K69: =IFERROR(INDEX({"미착수(신규접수)","진행중","부분출고","출고완료"},MATCH(J69,{"SD200000","SD200100","SD200300","SD200500"},0)),"미확인") -> 출고완료 | L69: =IF(AND(C69<요약!$C$4,I69>0),"연체","")
A70: 2606170177 | B70: 46190 | C70: 46200 | D70: 원영공구(구,원영상사) | E70: 신우 | F70: 4날/라핑평/12mm/HSS/밑날/비코팅 | G70: 273 | H70: 273 | I70: =G70-H70 -> 0 | J70: SD200500 | K70: =IFERROR(INDEX({"미착수(신규접수)","진행중","부분출고","출고완료"},MATCH(J70,{"SD200000","SD200100","SD200300","SD200500"},0)),"미확인") -> 출고완료 | L70: =IF(AND(C70<요약!$C$4,I70>0),"연체","")
A71: 2606170149 | B71: 46190 | C71: 46200 | D71: 유성상공사 | E71: 유인산업 | F71: 4날/날붙이초경/16mm/초경/밑날/비코팅 | G71: 16 | H71: 16 | I71: =G71-H71 -> 0 | J71: SD200500 | K71: =IFERROR(INDEX({"미착수(신규접수)","진행중","부분출고","출고완료"},MATCH(J71,{"SD200000","SD200100","SD200300","SD200500"},0)),"미확인") -> 출고완료 | L71: =IF(AND(C71<요약!$C$4,I71>0),"연체","")
A72: 2606160244 | B72: 46189 | C72: 46189 | D72: 원영공구(구,원영상사) | F72: 엔드밀케이스 | G72: 10 | H72: 10 | I72: =G72-H72 -> 0 | J72: SD200500 | K72: =IFERROR(INDEX({"미착수(신규접수)","진행중","부분출고","출고완료"},MATCH(J72,{"SD200000","SD200100","SD200300","SD200500"},0)),"미확인") -> 출고완료 | L72: =IF(AND(C72<요약!$C$4,I72>0),"연체","")
A73: 2606160136 | B73: 46189 | C73: 46199 | D73: 영우툴링(창성툴) | F73: 코팅만/일반코팅/10MM이하 | G73: 1 | H73: 1 | I73: =G73-H73 -> 0 | J73: SD200500 | K73: =IFERROR(INDEX({"미착수(신규접수)","진행중","부분출고","출고완료"},MATCH(J73,{"SD200000","SD200100","SD200300","SD200500"},0)),"미확인") -> 출고완료 | L73: =IF(AND(C73<요약!$C$4,I73>0),"연체","")
A74: 2606150224 | B74: 46188 | C74: 46198 | D74: 케이엠툴링 | F74: 4날/날붙이초경/25mm/초경/밑날/비코팅 | G74: 71 | H74: 71 | I74: =G74-H74 -> 0 | J74: SD200500 | K74: =IFERROR(INDEX({"미착수(신규접수)","진행중","부분출고","출고완료"},MATCH(J74,{"SD200000","SD200100","SD200300","SD200500"},0)),"미확인") -> 출고완료 | L74: =IF(AND(C74<요약!$C$4,I74>0),"연체","")
A75: 2606150197 | B75: 46188 | C75: 46198 | D75: 인코테크 포승 | F75: 2날/드릴/10MM/HSS/밑날/일반코팅 | G75: 40 | H75: 40 | I75: =G75-H75 -> 0 | J75: SD200500 | K75: =IFERROR(INDEX({"미착수(신규접수)","진행중","부분출고","출고완료"},MATCH(J75,{"SD200000","SD200100","SD200300","SD200500"},0)),"미확인") -> 출고완료 | L75: =IF(AND(C75<요약!$C$4,I75>0),"연체","")
A76: 2606150190 | B76: 46188 | C76: 46198 | D76: 강민툴링(비봉) | F76: 2날/드릴/6.9mm/초경/밑날/일반 코팅 | G76: 7 | H76: 7 | I76: =G76-H76 -> 0 | J76: SD200500 | K76: =IFERROR(INDEX({"미착수(신규접수)","진행중","부분출고","출고완료"},MATCH(J76,{"SD200000","SD200100","SD200300","SD200500"},0)),"미확인") -> 출고완료 | L76: =IF(AND(C76<요약!$C$4,I76>0),"연체","")
A77: 2606150188 | B77: 46188 | C77: 46198 | D77: 하나테크 | F77: 2날/평/27MM/HSS/밑날/비코팅 | G77: 2 | H77: 2 | I77: =G77-H77 -> 0 | J77: SD200500 | K77: =IFERROR(INDEX({"미착수(신규접수)","진행중","부분출고","출고완료"},MATCH(J77,{"SD200000","SD200100","SD200300","SD200500"},0)),"미확인") -> 출고완료 | L77: =IF(AND(C77<요약!$C$4,I77>0),"연체","")
A78: 2606150179 | B78: 46188 | C78: 46198 | D78: 아이티공구 | E78: 유진 | F78: 재연마 | G78: 10 | H78: 10 | I78: =G78-H78 -> 0 | J78: SD200500 | K78: =IFERROR(INDEX({"미착수(신규접수)","진행중","부분출고","출고완료"},MATCH(J78,{"SD200000","SD200100","SD200300","SD200500"},0)),"미확인") -> 출고완료 | L78: =IF(AND(C78<요약!$C$4,I78>0),"연체","")
A79: 2606120229 | B79: 46185 | C79: 46195 | D79: 아이티공구 | E79: 한탑 | F79: 3날/평/6mm/초경/밑날/비코팅 | G79: 51 | H79: 51 | I79: =G79-H79 -> 0 | J79: SD200500 | K79: =IFERROR(INDEX({"미착수(신규접수)","진행중","부분출고","출고완료"},MATCH(J79,{"SD200000","SD200100","SD200300","SD200500"},0)),"미확인") -> 출고완료 | L79: =IF(AND(C79<요약!$C$4,I79>0),"연체","")
A80: 2606120219 | B80: 46185 | C80: 46195 | D80: 원영공구(구,원영상사) | E80: 상현 | F80: 2날/드릴/10mm/초경/밑날/일반 코팅 | G80: 169 | H80: 169 | I80: =G80-H80 -> 0 | J80: SD200500 | K80: =IFERROR(INDEX({"미착수(신규접수)","진행중","부분출고","출고완료"},MATCH(J80,{"SD200000","SD200100","SD200300","SD200500"},0)),"미확인") -> 출고완료 | L80: =IF(AND(C80<요약!$C$4,I80>0),"연체","")
A81: 2606120179 | B81: 46185 | C81: 46195 | D81: 원영공구(구,원영상사) | E81: 엠테크 | F81: 4날/라핑평/10mm/HSS/밑날/일반 코팅 | G81: 110 | H81: 110 | I81: =G81-H81 -> 0 | J81: SD200500 | K81: =IFERROR(INDEX({"미착수(신규접수)","진행중","부분출고","출고완료"},MATCH(J81,{"SD200000","SD200100","SD200300","SD200500"},0)),"미확인") -> 출고완료 | L81: =IF(AND(C81<요약!$C$4,I81>0),"연체","")
A82: 2606120156 | B82: 46185 | C82: 46195 | D82: 건영테크(광주) | F82: 2날/볼/10mm/초경/밑날/일반 코팅 | G82: 120 | H82: 120 | I82: =G82-H82 -> 0 | J82: SD200500 | K82: =IFERROR(INDEX({"미착수(신규접수)","진행중","부분출고","출고완료"},MATCH(J82,{"SD200000","SD200100","SD200300","SD200500"},0)),"미확인") -> 출고완료 | L82: =IF(AND(C82<요약!$C$4,I82>0),"연체","")
A83: 2606120134 | B83: 46185 | C83: 46195 | D83: 유비툴 | E83: 하이테크 | F83: 4날/라핑평/10mm/초경/밑날/비코팅 | G83: 18 | H83: 18 | I83: =G83-H83 -> 0 | J83: SD200500 | K83: =IFERROR(INDEX({"미착수(신규접수)","진행중","부분출고","출고완료"},MATCH(J83,{"SD200000","SD200100","SD200300","SD200500"},0)),"미확인") -> 출고완료 | L83: =IF(AND(C83<요약!$C$4,I83>0),"연체","")
A84: 2606120123 | B84: 46185 | C84: 46195 | D84: 코끼리공구 | F84: 재연마 | G84: 13 | H84: 13 | I84: =G84-H84 -> 0 | J84: SD200500 | K84: =IFERROR(INDEX({"미착수(신규접수)","진행중","부분출고","출고완료"},MATCH(J84,{"SD200000","SD200100","SD200300","SD200500"},0)),"미확인") -> 출고완료 | L84: =IF(AND(C84<요약!$C$4,I84>0),"연체","")
A85: 2606120121 | B85: 46185 | C85: 46195 | D85: 반석공구 | F85: 2날/드릴/12.6mm/HSS/밑날/비코팅 | G85: 11 | H85: 11 | I85: =G85-H85 -> 0 | J85: SD200500 | K85: =IFERROR(INDEX({"미착수(신규접수)","진행중","부분출고","출고완료"},MATCH(J85,{"SD200000","SD200100","SD200300","SD200500"},0)),"미확인") -> 출고완료 | L85: =IF(AND(C85<요약!$C$4,I85>0),"연체","")
A86: 2606100304 | B86: 46183 | C86: 46188 | D86: 영우툴링(창성툴) | F86: 코팅만/일반코팅/6MM이하 | G86: 13 | H86: 13 | I86: =G86-H86 -> 0 | J86: SD200500 | K86: =IFERROR(INDEX({"미착수(신규접수)","진행중","부분출고","출고완료"},MATCH(J86,{"SD200000","SD200100","SD200300","SD200500"},0)),"미확인") -> 출고완료 | L86: =IF(AND(C86<요약!$C$4,I86>0),"연체","")
A87: 2606100132 | B87: 46183 | C87: 46193 | D87: 영우툴링(창성툴) | F87: 4날/코너/10mm/초경/밑날/일반 코팅 | G87: 29 | H87: 29 | I87: =G87-H87 -> 0 | J87: SD200500 | K87: =IFERROR(INDEX({"미착수(신규접수)","진행중","부분출고","출고완료"},MATCH(J87,{"SD200000","SD200100","SD200300","SD200500"},0)),"미확인") -> 출고완료 | L87: =IF(AND(C87<요약!$C$4,I87>0),"연체","")
A88: 2606100061 | B88: 46183 | C88: 46193 | D88: 알제이코리아 | F88: 2날/드릴/7mm/초경/밑날/일반 코팅 | G88: 21 | H88: 21 | I88: =G88-H88 -> 0 | J88: SD200500 | K88: =IFERROR(INDEX({"미착수(신규접수)","진행중","부분출고","출고완료"},MATCH(J88,{"SD200000","SD200100","SD200300","SD200500"},0)),"미확인") -> 출고완료 | L88: =IF(AND(C88<요약!$C$4,I88>0),"연체","")
A89: 2606090275 | B89: 46182 | C89: 46192 | D89: 건영테크(광주) | F89: 4날/평/8mm/초경/밑옆날/일반 코팅 | G89: 65 | H89: 65 | I89: =G89-H89 -> 0 | J89: SD200500 | K89: =IFERROR(INDEX({"미착수(신규접수)","진행중","부분출고","출고완료"},MATCH(J89,{"SD200000","SD200100","SD200300","SD200500"},0)),"미확인") -> 출고완료 | L89: =IF(AND(C89<요약!$C$4,I89>0),"연체","")
A90: 2606090274 | B90: 46182 | C90: 46192 | D90: 지니툴(구로)_코고툴 | F90: 2날/코너/8mm/초경/밑날/일반 코팅 | G90: 30 | H90: 30 | I90: =G90-H90 -> 0 | J90: SD200500 | K90: =IFERROR(INDEX({"미착수(신규접수)","진행중","부분출고","출고완료"},MATCH(J90,{"SD200000","SD200100","SD200300","SD200500"},0)),"미확인") -> 출고완료 | L90: =IF(AND(C90<요약!$C$4,I90>0),"연체","")
A91: 2606090273 | B91: 46182 | C91: 46192 | D91: 영창툴링 | F91: 4날/평/12mm/초경/밑날/일반 코팅 | G91: 10 | H91: 10 | I91: =G91-H91 -> 0 | J91: SD200500 | K91: =IFERROR(INDEX({"미착수(신규접수)","진행중","부분출고","출고완료"},MATCH(J91,{"SD200000","SD200100","SD200300","SD200500"},0)),"미확인") -> 출고완료 | L91: =IF(AND(C91<요약!$C$4,I91>0),"연체","")
A92: 2606090162 | B92: 46182 | C92: 46191 | D92: 다영툴링 | E92: 허남덕 | F92: 3날/평/12mm/초경/밑날/일반 코팅 | G92: 20 | H92: 0 | I92: =G92-H92 -> 20 | J92: SD200100 | K92: =IFERROR(INDEX({"미착수(신규접수)","진행중","부분출고","출고완료"},MATCH(J92,{"SD200000","SD200100","SD200300","SD200500"},0)),"미확인") -> 진행중 | L92: =IF(AND(C92<요약!$C$4,I92>0),"연체","") -> 연체
A93: 2606080286 | B93: 46181 | C93: 46191 | D93: 대륙기계공구 | F93: 4날/평/15.5mm/HSS/옆날/비코팅 | G93: 3 | H93: 3 | I93: =G93-H93 -> 0 | J93: SD200500 | K93: =IFERROR(INDEX({"미착수(신규접수)","진행중","부분출고","출고완료"},MATCH(J93,{"SD200000","SD200100","SD200300","SD200500"},0)),"미확인") -> 출고완료 | L93: =IF(AND(C93<요약!$C$4,I93>0),"연체","")
A94: 2606050302 | B94: 46178 | C94: 46188 | D94: 아이티공구 | F94: 코팅만/일반코팅/6MM이하 | G94: 2 | H94: 2 | I94: =G94-H94 -> 0 | J94: SD200500 | K94: =IFERROR(INDEX({"미착수(신규접수)","진행중","부분출고","출고완료"},MATCH(J94,{"SD200000","SD200100","SD200300","SD200500"},0)),"미확인") -> 출고완료 | L94: =IF(AND(C94<요약!$C$4,I94>0),"연체","")
A95: 2606050208 | B95: 46178 | C95: 46188 | D95: 연성기공(주) | F95: 4날/코너/12mm/초경/밑날/일반 코팅 | G95: 20 | H95: 20 | I95: =G95-H95 -> 0 | J95: SD200500 | K95: =IFERROR(INDEX({"미착수(신규접수)","진행중","부분출고","출고완료"},MATCH(J95,{"SD200000","SD200100","SD200300","SD200500"},0)),"미확인") -> 출고완료 | L95: =IF(AND(C95<요약!$C$4,I95>0),"연체","")
A96: 2606040164 | B96: 46177 | C96: 46187 | D96: 반석공구 | E96: 대진테크 | F96: 4날/평/10mm/초경/밑날/비코팅 | G96: 7 | H96: 7 | I96: =G96-H96 -> 0 | J96: SD200500 | K96: =IFERROR(INDEX({"미착수(신규접수)","진행중","부분출고","출고완료"},MATCH(J96,{"SD200000","SD200100","SD200300","SD200500"},0)),"미확인") -> 출고완료 | L96: =IF(AND(C96<요약!$C$4,I96>0),"연체","")
A97: 2606040160 | B97: 46177 | C97: 46187 | D97: (주)공화공구 | F97: 2날/드릴/10.3mm/초경/밑날/일반 코팅 | G97: 3 | H97: 3 | I97: =G97-H97 -> 0 | J97: SD200500 | K97: =IFERROR(INDEX({"미착수(신규접수)","진행중","부분출고","출고완료"},MATCH(J97,{"SD200000","SD200100","SD200300","SD200500"},0)),"미확인") -> 출고완료 | L97: =IF(AND(C97<요약!$C$4,I97>0),"연체","")
A98: 2606020155 | B98: 46175 | C98: 46185 | D98: 연성기공(주) | F98: 3날/평/10mm/초경/밑날/비코팅 | G98: 9 | H98: 9 | I98: =G98-H98 -> 0 | J98: SD200500 | K98: =IFERROR(INDEX({"미착수(신규접수)","진행중","부분출고","출고완료"},MATCH(J98,{"SD200000","SD200100","SD200300","SD200500"},0)),"미확인") -> 출고완료 | L98: =IF(AND(C98<요약!$C$4,I98>0),"연체","")
A99: 2606020153 | B99: 46175 | C99: 46185 | D99: 공구백화점(미산동) | E99: 다현테크 | F99: 2날/평/12mm/초경/밑날/비코팅 | G99: 2 | H99: 2 | I99: =G99-H99 -> 0 | J99: SD200500 | K99: =IFERROR(INDEX({"미착수(신규접수)","진행중","부분출고","출고완료"},MATCH(J99,{"SD200000","SD200100","SD200300","SD200500"},0)),"미확인") -> 출고완료 | L99: =IF(AND(C99<요약!$C$4,I99>0),"연체","")
A100: 2606020151 | B100: 46175 | C100: 46185 | D100: 강민툴링(비봉) | E100: 개인 | F100: 2날/볼/10mm/초경/밑날/일반 코팅 | G100: 2 | H100: 2 | I100: =G100-H100 -> 0 | J100: SD200500 | K100: =IFERROR(INDEX({"미착수(신규접수)","진행중","부분출고","출고완료"},MATCH(J100,{"SD200000","SD200100","SD200300","SD200500"},0)),"미확인") -> 출고완료 | L100: =IF(AND(C100<요약!$C$4,I100>0),"연체","")
A101: 2606020125 | B101: 46175 | C101: 46185 | D101: 유성상공사 | F101: 6날/라핑평/35MM/HSS/골수리/일반코팅 | G101: 57 | H101: 57 | I101: =G101-H101 -> 0 | J101: SD200500 | K101: =IFERROR(INDEX({"미착수(신규접수)","진행중","부분출고","출고완료"},MATCH(J101,{"SD200000","SD200100","SD200300","SD200500"},0)),"미확인") -> 출고완료 | L101: =IF(AND(C101<요약!$C$4,I101>0),"연체","")
...
