Workbook

Sheet 시험계획
A1: 5도 Ø125 휠 갭(End Face Gash) RPM 후속 시험 계획 — 2,900 vs 3,200 rpm
A2: 목적: 2026-10-19 사진 시험의 최적값(평 2,900 · 코너R 3,200 rpm, 추정값)을 수치 측정으로 확인해 「실측 검증」으로 올릴지 판단
A3: 노란 칸 = 현장 입력(한경준님) · 파란 글씨 = 입력값 · 검은 글씨 = 계산식 · 양산 적용 ❌(시험 단계)
A5: 1. 고정 조건
A6: 항목 | B6: 값 | C6: 단위 | D6: 비고 · 근거
A7: 장비 | B7: ANCA FastGrind (FG) | D7: 10-19 시험과 같은 장비
A8: 휠 | B8: 5도 Ø125 × T5 · V 5° · #400 · 레진 · C125 (스택 1-2) | D8: [[휠-5도-Ø125-1-2]]
A9: 휠 지름 D | B9: 125 | C9: mm | D9: 실측값이 있으면 바꿀 것(예: 125.102)
A10: 절입 DOC · ae | B10: 0.32 | C10: mm | D10: 10-19 시험과 같게
A11: 이송 vf — 평 | C11: mm/min | D11: ⬜ 현장 결정 · 한 값 고정(제안 12)
A12: 이송 vf — 코너R | C12: mm/min | D12: ⬜ 현장 결정 · 한 값 고정(제안 18)
A13: 사내 원주속도 상한 | B13: 25 | C13: m/s | D13: 사내 결정 — 넘으면 시험 금지
A14: 공구 | B14: 초경 엔드밀 D6 2날 — 평 · 코너R (재연마품) | D14: 형상별 6개 · 같은 로트 · 같은 마모 상태 권장
A15: 드레싱 | B15: 각 형상 블록 시작 직전 1회 | D15: 블록 중간 드레싱 금지(바꾸면 기록)
A16: 쿨런트 | D16: ⬜ 종류 · 농도(%) 기록
A18: 2. RPM 수준 · 원주속도 · Q'w (계산)
A19: RPM 수준 | B19: N (rpm) | C19: Vc (m/s) = π × D × N ÷ 60,000 | D19: 상한 이내? | E19: Q'w 평 (mm³/(mm·s)) = ae × vf ÷ 60 | F19: Q'w 코너R (mm³/(mm·s))
A20: A | B20: 2900 | C20: =PI()*$B$9*B20/60000 -> 18.980456 | D20: =IF(C20<=$B$13,"OK","❌ 상한 초과") -> OK | E20: =IF($B$11="","이송 입력 전",$B$10*$B$11/60) -> 이송 입력 전 | F20: =IF($B$12="","이송 입력 전",$B$10*$B$12/60) -> 이송 입력 전
A21: B | B21: 3200 | C21: =PI()*$B$9*B21/60000 -> 20.943951 | D21: =IF(C21<=$B$13,"OK","❌ 상한 초과") -> OK | E21: =IF($B$11="","이송 입력 전",$B$10*$B$11/60) -> 이송 입력 전 | F21: =IF($B$12="","이송 입력 전",$B$10*$B$12/60) -> 이송 입력 전
A23: 검산: π × 125 × 2,900 ÷ 60,000 = 18.98 m/s · π × 125 × 3,200 ÷ 60,000 = 20.94 m/s · 상한 25 m/s → N 최대 = 25 × 60,000 ÷ (π × 125) = 3,820 rpm
A25: 3. 진행 순서 (12개 — 형상별 A-B-B-A-A-B 로 번갈아, 휠 상태 변화를 두 RPM 에 고르게 나눔)
A26: 시편 각인·사진 파일명에는 RPM 대신 「블라인드 코드」만 쓴다. RPM 대응표는 판정이 끝날 때까지 보지 않는다(기록표 시트 오른쪽 접힌 열).
A27: 1 | B27: 드레싱(평 블록 시작 전) → 휠 회전 방향 · 스핀들 부하 표시 확인
A28: 2 | B28: 평 6개: 기록표 1 ~ 6 순서대로 가공 · 각 가공 후 스핀들 부하(%) · 사이클타임 기록
A29: 3 | B29: 드레싱(코너R 블록 시작 전)
A30: 4 | B30: 코너R 6개: 기록표 7 ~ 12 순서대로
A31: 5 | B31: 같은 배율 · 같은 조명 · 같은 각도로 날 끝 · 갭 면 사진 — 파일명 = 블라인드 코드
A32: 6 | B32: 현미경 눈금으로 치핑 최대 폭(μm) 읽기 · 가능하면 갭 면 Ra(μm)
A33: 7 | B33: 블라인드 판정 시트에 판정자가 코드별 순위 입력 → 그 뒤 RPM 공개
A34: 8 | B34: 3,500 rpm 무지개빛 재촬영(별건): 조명 각도를 바꿔 색이 움직이면 광학 효과
A36: 4. 판정 기준 (미리 정함)
A37: • | B37: 형상별로 두 RPM 의 치핑 최대 폭 평균 차이가 시편 간 흩어짐(최대−최소)보다 크면 「차이 있음」 — 3개씩이라 통계 검정은 하지 않는다
A38: • | B38: 블라인드 순위 평균과 측정값이 같은 방향이면 결과를 「실측 검증」으로 올리고 휠 페이지 §6 기준값 후보로 등재 · 양산 적용은 그 뒤 별도 결정
A39: • | B39: 방향이 엇갈리면 결론 보류 — 시편 수를 늘리거나 이송을 한 단계 바꿔 재시험
A41: 근거: [[comparisons/5도휠-갭-RPM시험-신뢰도-검토-2026-10]] §5 · [[휠-5도-Ø125-1-2]] §6.4 · tasks P2 「5도 Ø125 휠 갭 RPM 후속 시험」 (2026-10-27 Cowork 작성)

Sheet 기록표
A1: 시험 기록표 — 갭 RPM 2,900 vs 3,200
A2: 노란 칸을 채운다 · 3행은 형식 예시(회색, 집계 제외) · RPM · 원주속도 열(R ~ T)은 판정 끝날 때까지 접어 둔다
A3: 예시 | B3: X0 | C3: 평 | D3: P-0 | E3: 2026-11-03 09:10 | F3: 12 | G3: 0.32 | H3: 다운 | I3: 38 | J3: 수용성 5 | K3: 95 | L3: 18 | M3: 0.35 | N3: X0_날끝.jpg | O3: 예시 — 집계 제외
A4: 순서 | B4: 블라인드 코드 | C4: 형상 | D4: 시편 번호 | E4: 가공 일시 | F4: 이송 vf (mm/min) | G4: 절입 ae (mm) | H4: 휠 회전 방향 (업/다운) | I4: 스핀들 부하 (%) | J4: 쿨런트 · 농도 (%) | K4: 사이클타임 (s) | L4: 치핑 최대 폭 (μm) | M4: 갭 면 Ra (μm) | N4: 사진 파일명 | O4: 비고 | R4: RPM (rpm) | S4: Vc (m/s) | T4: Q'w (mm³/(mm·s))
A5: 1 | B5: K7 | C5: 평 | D5: P-1 | F5: =시험계획!$B$11 -> 0 | G5: =시험계획!$B$10 -> 0.32 | R5: =시험계획!$B$20 -> 2900 | S5: =PI()*시험계획!$B$9*R5/60000 -> 18.980456 | T5: =IF(F5="","",G5*F5/60)
A6: 2 | B6: M2 | C6: 평 | D6: P-2 | F6: =시험계획!$B$11 -> 0 | G6: =시험계획!$B$10 -> 0.32 | R6: =시험계획!$B$21 -> 3200 | S6: =PI()*시험계획!$B$9*R6/60000 -> 20.943951 | T6: =IF(F6="","",G6*F6/60)
A7: 3 | B7: Q5 | C7: 평 | D7: P-3 | F7: =시험계획!$B$11 -> 0 | G7: =시험계획!$B$10 -> 0.32 | R7: =시험계획!$B$21 -> 3200 | S7: =PI()*시험계획!$B$9*R7/60000 -> 20.943951 | T7: =IF(F7="","",G7*F7/60)
A8: 4 | B8: D8 | C8: 평 | D8: P-4 | F8: =시험계획!$B$11 -> 0 | G8: =시험계획!$B$10 -> 0.32 | R8: =시험계획!$B$20 -> 2900 | S8: =PI()*시험계획!$B$9*R8/60000 -> 18.980456 | T8: =IF(F8="","",G8*F8/60)
A9: 5 | B9: T3 | C9: 평 | D9: P-5 | F9: =시험계획!$B$11 -> 0 | G9: =시험계획!$B$10 -> 0.32 | R9: =시험계획!$B$20 -> 2900 | S9: =PI()*시험계획!$B$9*R9/60000 -> 18.980456 | T9: =IF(F9="","",G9*F9/60)
A10: 6 | B10: W6 | C10: 평 | D10: P-6 | F10: =시험계획!$B$11 -> 0 | G10: =시험계획!$B$10 -> 0.32 | R10: =시험계획!$B$21 -> 3200 | S10: =PI()*시험계획!$B$9*R10/60000 -> 20.943951 | T10: =IF(F10="","",G10*F10/60)
A11: 7 | B11: H4 | C11: 코너R | D11: C-1 | F11: =시험계획!$B$12 -> 0 | G11: =시험계획!$B$10 -> 0.32 | R11: =시험계획!$B$21 -> 3200 | S11: =PI()*시험계획!$B$9*R11/60000 -> 20.943951 | T11: =IF(F11="","",G11*F11/60)
A12: 8 | B12: R9 | C12: 코너R | D12: C-2 | F12: =시험계획!$B$12 -> 0 | G12: =시험계획!$B$10 -> 0.32 | R12: =시험계획!$B$20 -> 2900 | S12: =PI()*시험계획!$B$9*R12/60000 -> 18.980456 | T12: =IF(F12="","",G12*F12/60)
A13: 9 | B13: B1 | C13: 코너R | D13: C-3 | F13: =시험계획!$B$12 -> 0 | G13: =시험계획!$B$10 -> 0.32 | R13: =시험계획!$B$20 -> 2900 | S13: =PI()*시험계획!$B$9*R13/60000 -> 18.980456 | T13: =IF(F13="","",G13*F13/60)
A14: 10 | B14: N5 | C14: 코너R | D14: C-4 | F14: =시험계획!$B$12 -> 0 | G14: =시험계획!$B$10 -> 0.32 | R14: =시험계획!$B$21 -> 3200 | S14: =PI()*시험계획!$B$9*R14/60000 -> 20.943951 | T14: =IF(F14="","",G14*F14/60)
A15: 11 | B15: F2 | C15: 코너R | D15: C-5 | F15: =시험계획!$B$12 -> 0 | G15: =시험계획!$B$10 -> 0.32 | R15: =시험계획!$B$21 -> 3200 | S15: =PI()*시험계획!$B$9*R15/60000 -> 20.943951 | T15: =IF(F15="","",G15*F15/60)
A16: 12 | B16: J8 | C16: 코너R | D16: C-6 | F16: =시험계획!$B$12 -> 0 | G16: =시험계획!$B$10 -> 0.32 | R16: =시험계획!$B$20 -> 2900 | S16: =PI()*시험계획!$B$9*R16/60000 -> 18.980456 | T16: =IF(F16="","",G16*F16/60)

Sheet 블라인드 판정
A1: 블라인드 판정 — 사진만 보고 순위(1 = 가장 좋음)
A2: 형상별로 6장씩 순위를 매긴 뒤에만 RPM 열을 본다. 날 끝 · 갭 면을 따로 매긴다.
A4: 블라인드 코드 | B4: 형상 | C4: 날 끝 순위 (1~6) | D4: 갭 면 순위 (1~6) | E4: 판정자 | F4: RPM (판정 후 공개)
A5: K7 | B5: 평 | F5: =INDEX(기록표!$R$5:$R$16,MATCH(A5,기록표!$B$5:$B$16,0)) -> 2900
A6: M2 | B6: 평 | F6: =INDEX(기록표!$R$5:$R$16,MATCH(A6,기록표!$B$5:$B$16,0)) -> 3200
A7: Q5 | B7: 평 | F7: =INDEX(기록표!$R$5:$R$16,MATCH(A7,기록표!$B$5:$B$16,0)) -> 3200
A8: D8 | B8: 평 | F8: =INDEX(기록표!$R$5:$R$16,MATCH(A8,기록표!$B$5:$B$16,0)) -> 2900
A9: T3 | B9: 평 | F9: =INDEX(기록표!$R$5:$R$16,MATCH(A9,기록표!$B$5:$B$16,0)) -> 2900
A10: W6 | B10: 평 | F10: =INDEX(기록표!$R$5:$R$16,MATCH(A10,기록표!$B$5:$B$16,0)) -> 3200
A11: H4 | B11: 코너R | F11: =INDEX(기록표!$R$5:$R$16,MATCH(A11,기록표!$B$5:$B$16,0)) -> 3200
A12: R9 | B12: 코너R | F12: =INDEX(기록표!$R$5:$R$16,MATCH(A12,기록표!$B$5:$B$16,0)) -> 2900
A13: B1 | B13: 코너R | F13: =INDEX(기록표!$R$5:$R$16,MATCH(A13,기록표!$B$5:$B$16,0)) -> 2900
A14: N5 | B14: 코너R | F14: =INDEX(기록표!$R$5:$R$16,MATCH(A14,기록표!$B$5:$B$16,0)) -> 3200
A15: F2 | B15: 코너R | F15: =INDEX(기록표!$R$5:$R$16,MATCH(A15,기록표!$B$5:$B$16,0)) -> 3200
A16: J8 | B16: 코너R | F16: =INDEX(기록표!$R$5:$R$16,MATCH(A16,기록표!$B$5:$B$16,0)) -> 2900

Sheet 집계
A1: 집계 — 형상 × RPM
A2: 값이 비어 있으면 「-」. 시편 3개씩이라 평균 차이와 흩어짐(최대−최소)을 나란히 본다.
A4: 형상 | B4: RPM (rpm) | C4: 시편 수 | D4: 치핑 최대 폭 평균 (μm) | E4: 치핑 최대−최소 (μm) | F4: Ra 평균 (μm) | G4: 스핀들 부하 평균 (%) | H4: 날 끝 순위 평균 | I4: 갭 면 순위 평균
A5: 평 | B5: =시험계획!$B$20 -> 2900 | C5: =COUNTIFS(기록표!$C$5:$C$16,A5,기록표!$R$5:$R$16,B5,기록표!$L$5:$L$16,"<>") -> 0 | D5: =IFERROR(AVERAGEIFS(기록표!$L$5:$L$16,기록표!$C$5:$C$16,A5,기록표!$R$5:$R$16,B5),"-") -> - | E5: =IF(C5=0,"-",_xlfn.MAXIFS(기록표!$L$5:$L$16,기록표!$C$5:$C$16,A5,기록표!$R$5:$R$16,B5)-_xlfn.MINIFS(기록표!$L$5:$L$16,기록표!$C$5:$C$16,A5,기록표!$R$5:$R$16,B5)) -> - | F5: =IFERROR(AVERAGEIFS(기록표!$M$5:$M$16,기록표!$C$5:$C$16,A5,기록표!$R$5:$R$16,B5),"-") -> - | G5: =IFERROR(AVERAGEIFS(기록표!$I$5:$I$16,기록표!$C$5:$C$16,A5,기록표!$R$5:$R$16,B5),"-") -> - | H5: =IFERROR(AVERAGEIFS('블라인드 판정'!$C$5:$C$16,'블라인드 판정'!$B$5:$B$16,A5,'블라인드 판정'!$F$5:$F$16,B5),"-") -> - | I5: =IFERROR(AVERAGEIFS('블라인드 판정'!$D$5:$D$16,'블라인드 판정'!$B$5:$B$16,A5,'블라인드 판정'!$F$5:$F$16,B5),"-") -> -
A6: 평 | B6: =시험계획!$B$21 -> 3200 | C6: =COUNTIFS(기록표!$C$5:$C$16,A6,기록표!$R$5:$R$16,B6,기록표!$L$5:$L$16,"<>") -> 0 | D6: =IFERROR(AVERAGEIFS(기록표!$L$5:$L$16,기록표!$C$5:$C$16,A6,기록표!$R$5:$R$16,B6),"-") -> - | E6: =IF(C6=0,"-",_xlfn.MAXIFS(기록표!$L$5:$L$16,기록표!$C$5:$C$16,A6,기록표!$R$5:$R$16,B6)-_xlfn.MINIFS(기록표!$L$5:$L$16,기록표!$C$5:$C$16,A6,기록표!$R$5:$R$16,B6)) -> - | F6: =IFERROR(AVERAGEIFS(기록표!$M$5:$M$16,기록표!$C$5:$C$16,A6,기록표!$R$5:$R$16,B6),"-") -> - | G6: =IFERROR(AVERAGEIFS(기록표!$I$5:$I$16,기록표!$C$5:$C$16,A6,기록표!$R$5:$R$16,B6),"-") -> - | H6: =IFERROR(AVERAGEIFS('블라인드 판정'!$C$5:$C$16,'블라인드 판정'!$B$5:$B$16,A6,'블라인드 판정'!$F$5:$F$16,B6),"-") -> - | I6: =IFERROR(AVERAGEIFS('블라인드 판정'!$D$5:$D$16,'블라인드 판정'!$B$5:$B$16,A6,'블라인드 판정'!$F$5:$F$16,B6),"-") -> -
A7: 코너R | B7: =시험계획!$B$20 -> 2900 | C7: =COUNTIFS(기록표!$C$5:$C$16,A7,기록표!$R$5:$R$16,B7,기록표!$L$5:$L$16,"<>") -> 0 | D7: =IFERROR(AVERAGEIFS(기록표!$L$5:$L$16,기록표!$C$5:$C$16,A7,기록표!$R$5:$R$16,B7),"-") -> - | E7: =IF(C7=0,"-",_xlfn.MAXIFS(기록표!$L$5:$L$16,기록표!$C$5:$C$16,A7,기록표!$R$5:$R$16,B7)-_xlfn.MINIFS(기록표!$L$5:$L$16,기록표!$C$5:$C$16,A7,기록표!$R$5:$R$16,B7)) -> - | F7: =IFERROR(AVERAGEIFS(기록표!$M$5:$M$16,기록표!$C$5:$C$16,A7,기록표!$R$5:$R$16,B7),"-") -> - | G7: =IFERROR(AVERAGEIFS(기록표!$I$5:$I$16,기록표!$C$5:$C$16,A7,기록표!$R$5:$R$16,B7),"-") -> - | H7: =IFERROR(AVERAGEIFS('블라인드 판정'!$C$5:$C$16,'블라인드 판정'!$B$5:$B$16,A7,'블라인드 판정'!$F$5:$F$16,B7),"-") -> - | I7: =IFERROR(AVERAGEIFS('블라인드 판정'!$D$5:$D$16,'블라인드 판정'!$B$5:$B$16,A7,'블라인드 판정'!$F$5:$F$16,B7),"-") -> -
A8: 코너R | B8: =시험계획!$B$21 -> 3200 | C8: =COUNTIFS(기록표!$C$5:$C$16,A8,기록표!$R$5:$R$16,B8,기록표!$L$5:$L$16,"<>") -> 0 | D8: =IFERROR(AVERAGEIFS(기록표!$L$5:$L$16,기록표!$C$5:$C$16,A8,기록표!$R$5:$R$16,B8),"-") -> - | E8: =IF(C8=0,"-",_xlfn.MAXIFS(기록표!$L$5:$L$16,기록표!$C$5:$C$16,A8,기록표!$R$5:$R$16,B8)-_xlfn.MINIFS(기록표!$L$5:$L$16,기록표!$C$5:$C$16,A8,기록표!$R$5:$R$16,B8)) -> - | F8: =IFERROR(AVERAGEIFS(기록표!$M$5:$M$16,기록표!$C$5:$C$16,A8,기록표!$R$5:$R$16,B8),"-") -> - | G8: =IFERROR(AVERAGEIFS(기록표!$I$5:$I$16,기록표!$C$5:$C$16,A8,기록표!$R$5:$R$16,B8),"-") -> - | H8: =IFERROR(AVERAGEIFS('블라인드 판정'!$C$5:$C$16,'블라인드 판정'!$B$5:$B$16,A8,'블라인드 판정'!$F$5:$F$16,B8),"-") -> - | I8: =IFERROR(AVERAGEIFS('블라인드 판정'!$D$5:$D$16,'블라인드 판정'!$B$5:$B$16,A8,'블라인드 판정'!$F$5:$F$16,B8),"-") -> -
A10: 판정은 시험계획 §4 기준을 따른다. 결과는 휠 페이지 §6.4 아래 새 절로 기록(기존 10-19 기록은 지우지 않음).
